value,id
0,empty
40,cum
34,blowjob
30,on
29,her
27,dildo
26,big
24,teen
20,ass
20,anal
19,pov
18,hot
18,amateur
17,huge
17,dick
16,pussy
15,tits
15,time
15,girl
14,compilation
13,sexy
13,cumshot
13,by
13,blonde
10,takes
10,public
10,orgasm
10,best
9,up
9,sucks
9,sucking
9,squirting
9,she
9,i
9,his
9,hard
9,brunette
8,squirt
8,sex
8,over
8,off
8,masturbation
8,gloryhole
8,girlfriend
8,fucking
8,fuck
8,&amp;
7,young
7,wife
7,masturbates
7,load
7,girls
7,fingering
6,tight
6,suck
6,slut
6,sloppy
6,room
6,redhead
6,pornstar
6,play
6,hd
6,get
6,fucks
6,from
6,first
6,facial
6,black
6,bj
6,bath
6,asian
6,all
5,your
5,you
5,wet
5,webcam
5,toy
5,riding
5,rides
5,real
5,pawg
5,orgasms
5,old
5,nerdy
5,(mk13783)
5,mia
5,masturbating
5,love
5,khalifa
5,herself
5,he
5,gives
5,getting
5,german
5,emo
5,deepthroat
5,cums
5,college
5,cocks
5,busty
5,babe
5,arab
5,+
5,
4,video
4,swallows
4,swallow
4,strangers
4,squirt!!!
4,session
4,princess
4,plug
4,plays
4,pink
4,perfect
4,(part
4,panties
4,oral
4,oiled
4,mummy
4,massive
4,loves
4,loader
4,good
4,face
4,doggy
4,cumming
4,cosplay
4,cocksucker
4,chick
4,cam
4,body!
4,bed
4,beautiful
4,alex
4,|
3,white
3,while
3,two
3,tricked
3,training
3,throat
3,therapy
3,that
3,teens
3,tease
3,strips
3,step-sis
3,starr
3,solo
3,sister's
3,sislovesme
3,shower
3,sensual
3,send
3,secretcrush
3,schoolgirl
3,scenes!
3,ruined
3,red
3,rachel
3,pounding
3,playing
3,pjgirls
3,out
3,nudes
3,new
3,naughty
3,nasty
3,morning
3,mom
3,model
3,(mk13784)
3,mary
3,makes
3,little
3,leah
3,latina
3,horny
3,him
3,head
3,having
3,halloween
3,hairy
3,giant
3,gf
3,fun
3,family
3,facials
3,extra
3,edging
3,eating
3,double
3,distraction
3,day
3,cumshots
3,cum,
3,creamy
3,close
3,butt
3,boys
3,boy
3,booty
3,blue
3,blow
3,blake
3,behind
3,bbc
3,bathroom
3,bad
3,back
3,ashley
3,another
3,4
3,18
